5_12_6->E-L-F
Ascended Alpha->aAlpha
Ascended Athos->aAthos
Ascended Atzar->aAtzar
Ascended Auri->aAuri
Ascended Bavah->aBavah
Ascended Dagda->aDagda
Ascended Defile->aDefile
Ascended Geror->aGeror
Ascended Geum->aGeum
Ascended Hattori->aHattori
Ascended Hirate->aHirate
Ascended Hosokawa->aHoso
Ascended Lord Kirk->aKirk
Ascended Neptunius->aNept
Ascended Pontus->aPontus
Ascended Rei->aRei
Ascended Rigr->aRigr
Ascended Seethe->aSeethe
Ascended Shygu->aShygu
Ascended Takeda->aTakeda
Ascended Thert->aThert
Ascended TR0N1X->aTR0N1X
Brynhildr->Bryn
Buccaneer Beatrice->Beatrice
Christmas Elf->Elf
Cliodhna->Clio
Corsair Charles->Charles
Dicemaster->Dice
Dr Hawking->Hawking
Dullahan->Dull
Forest Druid->Druid
Hallinskidi->Hall
Hosokawa->Hoso
Jack'o Knight->Jack
Lady Odelith->Odelith
Lady of Twilight->LOT
Leprechaun->Lep
Lord Kirk->Kirk
Luxurius Maximus->Lux
Marauder Magnus->Magnus
Master Lee->Lee
Neptunius->Nept
Pokerface->Poker
Pyromancer->Pyro
Raider Rose->Rose
Reindeer->Deer
Santa Claus->Santa
Sexy Santa->SS
Veildur->Veil
The Wanderer->Wanderer
Lord of Chaos->LOC
Mother of all Kodamas->MOAK
Ascended Mahatma->aMahatma
Ascended Jade->aJade
Ascended Edana->aEdana
Ascended Dybbuk->aDybbuk